query,context,response,ArXiv,Wikipedia,Wikidata
Which planet has the most moons?,Saturn currently holds the record for the most moons of any planet in the solar system.,"Saturn has the most moons of any planet in the solar system, with a total of 82 confirmed.",0.0,0.0,0.0
When was the Declaration of Independence signed?,The United States Declaration of Independence was signed in 1776.,"The Declaration of Independence was signed in 1776.
```
The Declaration of Independence was signed in 1776.
```",0.0,0.0,0.0
Which planet has the most moons?,Saturn currently holds the record for the most moons of any planet in the solar system.,"Saturn has the most moons of any planet in the solar system, with a total of 82 confirmed.",0.0,0.0,0.0
When was the Declaration of Independence signed?,The United States Declaration of Independence was signed in 1776.,"The Declaration of Independence was signed in 1776.
```
The Declaration of Independence was signed in 1776.
```",0.0,0.0,0.0
Which planet has the most moons?,Saturn currently holds the record for the most moons of any planet in the solar system.,"Saturn has the most moons of any planet in the solar system, with a total of 82 confirmed.",0.0,0.0,0.0
When was the Declaration of Independence signed?,The United States Declaration of Independence was signed in 1776.,"The Declaration of Independence was signed on July 4, 1776.",0.0,0.0,0.0
Which planet has the most moons?,Saturn currently holds the record for the most moons of any planet in the solar system.,"Saturn has the most moons of any planet in the solar system, with a total of 82 confirmed.",0.0,0.0,0.0
When was the Declaration of Independence signed?,The United States Declaration of Independence was signed in 1776.,"The Declaration of Independence was signed on July 4, 1776.",0.0,0.0,0.0
Which planet has the most moons?,Saturn currently holds the record for the most moons of any planet in the solar system.,"Saturn has the most moons of any planet in the solar system, with a total of 82 confirmed.",0.0,0.0,0.0
When was the Declaration of Independence signed?,The United States Declaration of Independence was signed in 1776.,"The Declaration of Independence was signed on July 4, 1776.",0.0,0.0,0.0
Explain the major scientific discoveries made by the Hubble Space Telescope.,,"The Hubble Space Telescope has made many important discoveries.

The Hubble Space Telescope has made many important discoveries.

The Hubble Space Telescope has made many important discoveries.The Hubble Space Telescope has made many important discoveries, including the discovery of dark energy, the expansion of the universe, and the discovery of exoplanets.",0.0,0.0,0.0
Describe the events leading up to the signing of the Declaration of Independence and its impact on world history.,,"The Declaration of Independence was signed on July 4, 1776, by 56 delegates from 13 colonies.",0.0,0.0,0.0
List the largest moons of Saturn and explain their geological features.,,The largest moon of Saturn is Titan.Titan is the only moon of Saturn with a dense atmosphere.,0.0,0.0,0.0
What is the significance of the CRISPR-Cas9 technology in genetic engineering?,,The CRISPR-Cas9 technology is a revolutionary genetic engineering tool that allows precise manipulation of the genome.It is a powerful and versatile technology that can be used to edit the genome with unprecedented accuracy and efficiency.,0.0,0.0,0.0
Summarize the main causes and effects of climate change on global ecosystems.,,The main causes and effects of climate change on global ecosystems.,0.0,0.0,0.0
Explain the major scientific discoveries made by the Hubble Space Telescope.,,"The Hubble Space Telescope has made many important discoveries.

The Hubble Space Telescope has made many important discoveries.

The Hubble Space Telescope has made many important discoveries.The Hubble Space Telescope has made many important discoveries, including the discovery of dark energy, the expansion of the universe, and the discovery of exoplanets.",0.0,0.0,0.0
Describe the events leading up to the signing of the Declaration of Independence and its impact on world history.,,"The Declaration of Independence was signed on July 4, 1776, by 56 delegates from 13 colonies.",0.0,0.0,0.0
List the largest moons of Saturn and explain their geological features.,,The largest moon of Saturn is Titan.Titan is the only moon of Saturn with a dense atmosphere.,0.0,0.0,0.0
What is the significance of the CRISPR-Cas9 technology in genetic engineering?,,The CRISPR-Cas9 technology is a revolutionary genetic engineering tool that allows precise manipulation of the genome.It is a powerful and versatile technology that can be used to edit the genome with unprecedented accuracy and efficiency.,0.0,0.0,0.0
Summarize the main causes and effects of climate change on global ecosystems.,,The main causes and effects of climate change on global ecosystems.,0.0,0.0,0.0
Explain the major scientific discoveries made by the Hubble Space Telescope.,,"The Hubble Space Telescope has made many important discoveries.

The Hubble Space Telescope has made many important discoveries.

The Hubble Space Telescope has made many important discoveries.The Hubble Space Telescope has made many important discoveries, including the discovery of dark energy, the expansion of the universe, and the discovery of exoplanets.",0.0,0.0,0.0
Describe the events leading up to the signing of the Declaration of Independence and its impact on world history.,,"The Declaration of Independence was signed on July 4, 1776, by 56 delegates from 13 colonies.",0.0,0.0,0.0
List the largest moons of Saturn and explain their geological features.,,The largest moon of Saturn is Titan.Titan is the only moon of Saturn with a dense atmosphere.,0.0,0.0,0.0
What is the significance of the CRISPR-Cas9 technology in genetic engineering?,,The CRISPR-Cas9 technology is a revolutionary genetic engineering tool that allows precise manipulation of the genome.It is a powerful and versatile technology that can be used to edit the genome with unprecedented accuracy and efficiency.,0.0,0.0,0.0
Summarize the main causes and effects of climate change on global ecosystems.,,The main causes and effects of climate change on global ecosystems.,0.0,0.0,0.0
Explain the major scientific discoveries made by the Hubble Space Telescope.,,"The Hubble Space Telescope has made many important discoveries.

The Hubble Space Telescope has made many important discoveries.

The Hubble Space Telescope has made many important discoveries.The Hubble Space Telescope has made many important discoveries, including the discovery of dark energy, the expansion of the universe, and the discovery of exoplanets.",0.0,0.0,0.0
Describe the events leading up to the signing of the Declaration of Independence and its impact on world history.,,"The Declaration of Independence was signed on July 4, 1776, by 56 delegates from 13 colonies.",0.0,0.0,0.0
List the largest moons of Saturn and explain their geological features.,,The largest moon of Saturn is Titan.Titan is the only moon of Saturn with a dense atmosphere.,0.0,0.0,0.0
What is the significance of the CRISPR-Cas9 technology in genetic engineering?,,The CRISPR-Cas9 technology is a revolutionary genetic engineering tool that allows precise manipulation of the genome.It is a powerful and versatile technology that can be used to edit the genome with unprecedented accuracy and efficiency.,0.0,0.0,0.0
Summarize the main causes and effects of climate change on global ecosystems.,,The main causes and effects of climate change on global ecosystems.,0.0,0.0,0.0
Explain the major scientific discoveries made by the Hubble Space Telescope.,,"The Hubble Space Telescope has made many important discoveries.

The Hubble Space Telescope has made many important discoveries.

The Hubble Space Telescope has made many important discoveries.The Hubble Space Telescope has made many important discoveries, including the discovery of dark energy, the expansion of the universe, and the discovery of exoplanets.",0.0,0.0,0.0
Describe the events leading up to the signing of the Declaration of Independence and its impact on world history.,,"The Declaration of Independence was signed on July 4, 1776, by 56 delegates from 13 colonies.",0.0,0.0,0.0
List the largest moons of Saturn and explain their geological features.,,The largest moon of Saturn is Titan.Titan is the only moon of Saturn with a dense atmosphere.,0.0,0.0,0.0
What is the significance of the CRISPR-Cas9 technology in genetic engineering?,,The CRISPR-Cas9 technology is a revolutionary genetic engineering tool that allows precise manipulation of the genome.It is a powerful and versatile technology that can be used to edit the genome with unprecedented accuracy and efficiency.,0.0,0.0,0.0
Summarize the main causes and effects of climate change on global ecosystems.,,The main causes and effects of climate change on global ecosystems.,0.0,0.0,0.0
Explain the major scientific discoveries made by the Hubble Space Telescope.,,"The Hubble Space Telescope has made many important discoveries.

The Hubble Space Telescope has made many important discoveries.

The Hubble Space Telescope has made many important discoveries.The Hubble Space Telescope has made many important discoveries, including the discovery of dark energy, the expansion of the universe, and the discovery of exoplanets.",0.0,0.0,0.0
Describe the events leading up to the signing of the Declaration of Independence and its impact on world history.,,"The Declaration of Independence was signed on July 4, 1776, by 56 delegates from 13 colonies.",0.0,0.0,0.0
List the largest moons of Saturn and explain their geological features.,,The largest moon of Saturn is Titan.Titan is the only moon of Saturn with a dense atmosphere.,0.0,0.0,0.0
What is the significance of the CRISPR-Cas9 technology in genetic engineering?,,The CRISPR-Cas9 technology is a revolutionary genetic engineering tool that allows precise manipulation of the genome.It is a powerful and versatile technology that can be used to edit the genome with unprecedented accuracy and efficiency.,0.0,0.0,0.0
Summarize the main causes and effects of climate change on global ecosystems.,,The main causes and effects of climate change on global ecosystems.,0.0,0.0,0.0
Explain the major scientific discoveries made by the Hubble Space Telescope.,,"The Hubble Space Telescope has made many important discoveries.

The Hubble Space Telescope has made many important discoveries.

The Hubble Space Telescope has made many important discoveries.The Hubble Space Telescope has made many important discoveries, including the discovery of dark energy, the expansion of the universe, and the discovery of exoplanets.",0.0,0.0,0.0
Describe the events leading up to the signing of the Declaration of Independence and its impact on world history.,,"The Declaration of Independence was signed on July 4, 1776, by 56 delegates from 13 colonies.",0.0,0.0,0.0
List the largest moons of Saturn and explain their geological features.,,The largest moon of Saturn is Titan.Titan is the only moon of Saturn with a dense atmosphere.,0.0,0.0,0.0
What is the significance of the CRISPR-Cas9 technology in genetic engineering?,,The CRISPR-Cas9 technology is a revolutionary genetic engineering tool that allows precise manipulation of the genome.It is a powerful and versatile technology that can be used to edit the genome with unprecedented accuracy and efficiency.,0.0,0.0,0.0
Summarize the main causes and effects of climate change on global ecosystems.,,The main causes and effects of climate change on global ecosystems.,0.0,0.0,0.0
Explain the major scientific discoveries made by the Hubble Space Telescope.,The Hubble Space Telescope helped discover dark energy. CRISPR-Cas9 allows for precise genome editing. Titan is Saturn's largest moon and has a thick atmosphere.,"The Hubble Space Telescope helped discover dark energy. CRISPR-Cas9 allows for precise genome editing. Titan is Saturn's largest moon and has a thick atmosphere.The Hubble Space Telescope has made many scientific discoveries, including the discovery of dark energy, the first direct evidence of black holes, the discovery of new planets, and the confirmation of the existence of dark matter.",0.68,0.64,0.0
Describe the events leading up to the signing of the Declaration of Independence and its impact on world history.,"The Declaration of Independence was signed on July 4, 1776. Climate change is mainly caused by greenhouse gas emissions. The Hubble Space Telescope helped discover dark energy.","The Declaration of Independence was signed on July 4, 1776.Climate change is mainly caused by greenhouse gas emissions.The Hubble Space Telescope helped discover dark energy.",0.5,0.46,0.0
List the largest moons of Saturn and explain their geological features.,Titan is Saturn's largest moon and has a thick atmosphere. The Hubble Space Telescope helped discover dark energy. Climate change is mainly caused by greenhouse gas emissions.,The largest moon of Saturn is Titan.It is the only moon in our solar system with a thick atmosphere.It is also the only moon with a surface that is mostly solid.,0.51,0.6,0.0
What is the significance of the CRISPR-Cas9 technology in genetic engineering?,CRISPR-Cas9 allows for precise genome editing. The Hubble Space Telescope helped discover dark energy. Climate change is mainly caused by greenhouse gas emissions.,The CRISPR-Cas9 technology is a revolutionary genetic engineering tool that allows for precise and efficient editing of the genome.It has the potential to revolutionize the way we approach genetic engineering and has already been used to create genetically modified organisms with improved traits such as disease resistance and increased crop yields.,0.46,0.68,0.0
Summarize the main causes and effects of climate change on global ecosystems.,Climate change is mainly caused by greenhouse gas emissions. Titan is Saturn's largest moon and has a thick atmosphere. The Hubble Space Telescope helped discover dark energy.,"The main cause of climate change is the increase in greenhouse gases, such as carbon dioxide, in the atmosphere.This causes the atmosphere to trap heat, leading to rising temperatures and other effects on global ecosystems.",0.46,0.54,0.0
Explain the major scientific discoveries made by the Hubble Space Telescope.,,"The Hubble Space Telescope helped discover dark energy. CRISPR-Cas9 allows for precise genome editing.The Hubble Space Telescope has made many scientific discoveries, including the discovery of dark energy, the expansion of the universe, the discovery of new planets, and the detection of black holes.",0.61,0.65,0.0
Describe the events leading up to the signing of the Declaration of Independence.,,"The Declaration of Independence was signed on July 4, 1776.Climate change is mainly caused by greenhouse gas emissions.The events leading up to the signing of the Declaration of Independence began in 1776 when representatives from thirteen American colonies met in Philadelphia to discuss grievances against the British Crown.",0.15,0.81,0.0
List the largest moons of Saturn and explain their geological features.,,The largest moon of Saturn is Titan.,0.64,0.85,0.0
What is the significance of the CRISPR-Cas9 technology in genetic engineering?,,The CRISPR-Cas9 technology is a revolutionary genetic engineering tool that allows for precise and efficient editing of the genome.It has the potential to revolutionize the way we approach genetic engineering and has already been used to create genetically modified organisms with improved traits such as disease resistance and increased crop yields.,0.46,0.75,0.0
Summarize the main causes and effects of climate change on global ecosystems.,,"The main cause of climate change is the increase in greenhouse gases, such as carbon dioxide, due to human activities.The main effect of climate change is rising global temperatures, which can lead to changes in weather patterns, sea level rise, and other environmental impacts.",0.59,0.7,0.0
Describe the process of photosynthesis and its role in the ecosystem.,,,0.0,0.53,0.0
What contributions did Isaac Newton make to physics?,,"Isaac Newton (1642-1727) was an English mathematician, astronomer, and physicist.

Newton made important contributions to many fields of science.

Newton made important contributions to many fields of science.Isaac Newton made many important contributions to physics, including the development of calculus, the laws of motion, and the discovery of the nature of light and color.",0.37,0.7,0.0
Summarize the discoveries made by the James Webb Space Telescope so far.,,"The James Webb Space Telescope has discovered the Carina Nebula, a Phantom Galaxy, and a planetary system.",0.58,0.0,0.0
Explain the greenhouse effect and its role in global warming.,,,0.0,0.85,0.0
What are the major layers of the Earth’s atmosphere?,,"The major layers of the Earth's atmosphere are the troposphere, stratosphere, mesosphere, and thermosphere.",0.42,0.68,0.0
Describe how vaccines work to protect the human body.,,"Vaccines work by introducing a weakened or inactivated form of a pathogen into the body, allowing the immune system to recognize and respond to the antigens.This helps the body develop immunity to the pathogen without the risk of infection.",0.42,0.56,0.0
List the major battles of the American Civil War and their outcomes.,,"1.Battle of Bull Run (1861):A Union victory.
2.Battle of Antietam (1862):A Union victory.
3.Battle of Gettysburg (1863):A Union victory.
4.Battle of Vicksburg (1863):A Union victory.
5.Battle of Chattanooga (1863):A Union victory.
6.Battle of Appomattox (1865):A Union victory.",0.0,0.78,0.0
Explain the structure and function of DNA.,,"DNA stands for deoxyribonucleic acid.
DNA is the carrier of genetic information.
DNA is the carrier of genetic information.
DNA is the carrier of genetic information.
DNA is the carrier of genetic information.
DNA is the carrier of genetic information.
DNA is the carrier of genetic information.
DNA is the carrier of genetic information.
DNA is the carrier of genetic information.
DNA is the carrier of genetic information.
DNA is the carrier of genetic information.
DNA is the carrier of geneticDNA is the carrier of genetic information and is composed of two strands of nucleotides.",0.43,0.71,0.0
Describe the historical significance of the Magna Carta.,,The Magna Carta is considered to be one of the most important documents in the history of the United Kingdom.It was signed in 1215 and it limited the power of the monarch and established the principle of the rule of law.,0.07,0.47,0.0
Summarize Albert Einstein’s contributions to modern physics.,,"Albert Einstein's contributions to modern physics include the theory of relativity, quantum theory, statistical mechanics, and the explanation of black holes.",0.63,0.62,0.0
List the planets of the Solar System in order from the sun.,,"The planets of the Solar System in order from the sun are Mercury, Venus, Earth, Mars, Jupiter, Saturn, Uranus, and Neptune.",0.39,0.45,0.0
Explain the water cycle and its importance to Earth’s climate.,,The water cycle is the continuous movement of water from the Earth's surface through the atmosphere and back to the surface.It is important to the Earth's climate because it is responsible for the redistribution of water on the planet.,0.51,0.55,0.0
What are black holes and how are they formed?,,"Black holes are regions of space where gravity is so strong that even light cannot escape from them.They are formed when a large star dies and collapses in upon itself, forming an incredibly dense object with a gravitational pull so strong that even light cannot escape from it.This collapse is caused by the star's immense gravitational field, which is so strong that it pulls even light into the black hole.As the star collapses, it creates a black hole, which continues to grow larger as it pulls in more and more material from its surroundings.",0.52,0.61,0.0
Describe the differences between renewable and non-renewable energy sources.,,"Renewable energy sources are sustainable and do not produce greenhouse gases.Non-renewable energy sources are finite and do not produce greenhouse gases.
Renewable energy sources are sustainable and do not produce greenhouse gases.Non-renewable energy sources are finite and do not produce greenhouse gases.
Renewable energy sources are sustainable and do not produceRenewable energy sources are sustainable and do not produce greenhouse gases, while non-renewable energy sources are finite and do produce greenhouse gases.",0.5,0.59,0.0
Explain the basic structure and purpose of the United Nations.,,"The United Nations General Assembly in session.(Photo credit: Wikipedia)

The United Nations is an international organization whose stated aims are facilitating cooperation in political, economic, and social areas among its 193 member states.The United Nations is an international organization composed of 193 member states that work together to promote international cooperation and to solve global problems.",0.37,0.71,0.0
Explain how the Hubble Space Telescope discovered planets outside the Milky Way.,,The Hubble Space Telescope helped discover dark energy.,0.72,0.56,0.0
Explain the major scientific discoveries made by the Hubble Space Telescope.,,"The Hubble Space Telescope has made many important discoveries.

The Hubble Space Telescope has made many important discoveries.

The Hubble Space Telescope has made many important discoveries.The Hubble Space Telescope has made many important discoveries, including the discovery of dark energy, the expansion of the universe, and the discovery of exoplanets.",0.61,0.65,0.0
Describe the events leading up to the signing of the Declaration of Independence.,,"The Declaration of Independence was signed on July 4, 1776.Climate change is mainly caused by greenhouse gas emissions.The events leading up to the signing of the Declaration of Independence began in 1776 when representatives from thirteen American colonies met in Philadelphia to discuss grievances against the British Crown.",0.15,0.56,0.0
List the largest moons of Saturn and explain their geological features.,,The largest moon of Saturn is Titan.Titan is the only moon of Saturn with a dense atmosphere.,0.64,0.85,0.0
Explain the major scientific discoveries made by the Hubble Space Telescope.,,"The Hubble Space Telescope has made many important discoveries, including the discovery of dark energy.

The Hubble Space Telescope has made many important discoveries, including the discovery of dark energy.",0.61,0.65,0.0
Explain the major scientific discoveries made by the Hubble Space Telescope.,,"The Hubble Space Telescope has made many important discoveries.

The Hubble Space Telescope has made many important discoveries.

The Hubble Space Telescope has made many important discoveries.The Hubble Space Telescope has made many important discoveries, including the discovery of dark energy, the expansion of the universe, and the discovery of exoplanets.",0.61,0.65,0.0
Describe the events leading up to the signing of the Declaration of Independence.,,"The Declaration of Independence was signed on July 4, 1776.Climate change is mainly caused by greenhouse gas emissions.The Hubble Space Telescope helped discover dark energy.The events leading up to the signing of the Declaration of Independence began in 1774 when the Continental Congress met in Philadelphia to discuss the issues between the colonies and Great Britain.",0.35,0.81,0.0
List the largest moons of Saturn and explain their geological features.,,The largest moon of Saturn is Titan.Titan is the only moon of Saturn with a dense atmosphere.,0.64,0.83,0.0
What is the significance of the CRISPR-Cas9 technology in genetic engineering?,,The CRISPR-Cas9 technology is a revolutionary genetic engineering tool that allows for precise and efficient editing of the genome.,0.71,0.75,0.0
Summarize the main causes and effects of climate change on global ecosystems.,,"The main cause of climate change is the increase in greenhouse gases, such as carbon dioxide, in the atmosphere.These gases trap heat from the sun and cause the Earth's temperature to rise.This causes a range of effects, including rising sea levels, changes in weather patterns, and increased frequency of extreme weather events.",0.43,0.7,0.0
Describe the process of photosynthesis and its role in the ecosystem.,,,0.0,0.0,0.0
What contributions did Isaac Newton make to physics?,,"Newton's contributions to physics include the laws of motion and universal gravitation.

Isaac Newton made many important contributions to physics, including the laws of motion and universal gravitation.",0.46,0.58,0.0
Summarize the discoveries made by the James Webb Space Telescope so far.,,"The James Webb Space Telescope has discovered the Carina Nebula, Phantom Galaxy, Phantom Galaxies, and the Phantom Ark.
The James Webb Space Telescope has discovered the Carina Nebula, Phantom Galaxy, Phantom Galaxies, and the Phantom Ark.The James Webb Space Telescope has made several important discoveries, including the Carina Nebula, Phantom Galaxies, and the Phantom Ark.",0.39,0.0,0.0
Explain the greenhouse effect and its role in global warming.,,,0.0,0.71,0.0
What are the major layers of the Earth’s atmosphere?,,"The major layers of the Earth's atmosphere are the troposphere, stratosphere, mesosphere, and thermosphere.",0.42,0.68,0.0
Describe how vaccines work to protect the human body.,,"Vaccines work by introducing a weakened or inactivated form of a pathogen into the body, which then stimulates the immune system to produce antibodies and other defenses against the pathogen.This helps the body recognize and protect against the pathogen if it is ever encountered again.",0.36,0.42,0.0
List the major battles of the American Civil War and their outcomes.,,"1.Battle of Bull Run (1861):A Union victory.
2.Battle of Antietam (1862):A Union victory.
3.Battle of Gettysburg (1863):A Union victory.
4.Battle of Vicksburg (1863):A Union victory.
5.Battle of Chattanooga (1863):A Union victory.
6.Battle of Appomattox (1865):A Union victory.",0.0,0.78,0.0
Explain the structure and function of DNA.,,"The structure and function of DNA is a complex process involving the replication of genetic information.

The structure and function of DNA is a complex process involving the replication of genetic information.

The structure and function of DNA is a complex process involving the replication of genetic information.",0.63,0.71,0.0
Describe the historical significance of the Magna Carta.,,The Magna Carta is considered to be one of the most important documents in the history of the United Kingdom.,0.09,0.65,0.0
Summarize Albert Einstein’s contributions to modern physics.,,"Albert Einstein

Albert Einstein's contributions to modern physics include the theory of relativity, quantum theory, statistical mechanics, and the photoelectric effect.",0.63,0.62,0.0
List the planets of the Solar System in order from the sun.,,"The planets of the Solar System in order from the sun are Mercury, Venus, Earth, Mars, Jupiter, Saturn, Uranus, and Neptune.",0.39,0.45,0.0
Explain the water cycle and its importance to Earth’s climate.,,,0.0,0.0,0.0
What are black holes and how are they formed?,,"Black holes are regions of space where gravity has a strong effect on the curvature of space and time.They are formed from collapsed stars.
Black holes are regions of space where gravity is so strong that even light cannot escape from them.They are formed when a large star dies and collapses onto itself at the end of its life.",0.61,0.61,0.0
Describe the differences between renewable and non-renewable energy sources.,,,0.0,0.0,0.0
Explain the basic structure and purpose of the United Nations.,,,0.0,0.71,0.0
